Workbook

Sheet Bill of Materials
A1: SOLAR PANEL–BASED BATTERY ENERGY MANAGEMENT SYSTEM
A2: Bill of Materials (BOM) — Implementation Phase | Istanbul Arel University · EEE Dept.
A3: Student: Ahmed Salama | G3: Prices to be filled in after purchase ▶ Unit Price column is editable (yellow)
A5: Category colour legend: ICs / Active Inductors Diodes Capacitors Resistors Modules / Connectors / Misc
A7: # | B7: Reference(s) | C7: Category | D7: Description | E7: Value / Specification | F7: Qty | G7: Package / Form | H7: Notes — Values & Purpose | I7: Unit Price | J7: Total Price | K7: Procured? | L7: Supplier / Link
A8: 1 | B8: U1 | C8: ICs / Active | D8: INA219 Power Monitor | E8: INA219AIDR, I2C, 26V | F8: 1 | G8: SOT-23-8 or breakout module | H8: Measures V_PV and I_PV via 0.1Ω shunt. I2C address 0x40 (A0=GND, A1=GND). VCC = 3.3–5.5V. Pin map on schematic: VCC, GND, IN+, IN−, SDA, SCL, A0, A1. If buying breakout module (e.g. Adafruit or generic blue module), all support components (decoupling cap, pull-ups) may already be included — check before ordering extras. | I8: 100 | J8: =IF(I8="","",I8*F8) | K8: Yes
A9: 2 | B9: U2 | C9: ICs / Active | D9: XL4015 CC/CV Buck Converter | E9: XL4015, 5A, 8–36V in, 180kHz | F9: 1 | G9: Module (3-screw CV+CC) or SOP-8 IC | H9: Charges 3S Li-ion pack. Steps ~20.8V PV (Vmp) down to 12.6V. 3-screw module version has separate CV trim pot and CC trim pot — easiest for prototyping. Pre-set: Output V to 12.60V (CV threshold), Current limit to ~1.2A (CC). EN pin controlled by Arduino pin 9 PWM for MPPT. Heatsink required if >2A sustained. | I9: 100 | J9: =IF(I9="","",I9*F9) | K9: Yes
A10: 3 | B10: U4 | C10: ICs / Active | D10: LM2596 Adjustable Buck Converter | E10: LM2596S-ADJ, 3A, 40V, 150kHz | F10: 1 | G10: Module or TO-263-5 | H10: Provides regulated +5V_MCU rail for Arduino + all peripherals. Fed from V_BATT bus (10–12.6V). Set output to exactly 5.0V using R6/R7 feedback divider (R6=10kΩ, R7=3.3kΩ → V_out = 1.23×(1 + R6/R7) = 5.0V). ON/OFF pin tied to GND = always enabled. | I10: 55 | J10: =IF(I10="","",I10*F10) | K10: No | L10: https://www.robotistan.com/mini-ayarlanabilir-3a-voltaj-regulator-karti-lm2596-adj?language=tr&h=28cecc02
A11: 4 | B11: Q1 | C11: ICs / Active | D11: IRLZ44N Logic-Level N-MOSFET | E11: IRLZ44N, 55V, 47A, R_DS=22mΩ | F11: 1 | G11: TO-220 | H11: Electronic load switch. Gate driven by Arduino pin 8 via 100Ω series resistor R10 and 10kΩ pull-down R11. VGS(th) = 1–2V → fully ON at 5V logic drive. Drain: V_BATT bus in; Source: to load (J3). Add heatsink if fan current > 2A. D4 flyback diode across drain-source is mandatory for inductive loads. | I11: 35 | J11: =IF(I11="","",I11*F11) | K11: No | L11: https://www.robolinkmarket.com/irfz44-49a-55v-mosfet-to220-mosfet?srsltid=AfmBOopWu0r8dTQHLh93zBp8QYAFzfOsZebhZGSX_jcCP7LiNwHjvb8bbyU
A12: 5 | B12: ARD1 | C12: ICs / Active | D12: Arduino Mega 2560 | E12: ATmega2560, 16MHz, 5V | F12: 1 | G12: Through-hole dev board | H12: Central controller. Runs: P&O MPPT (reads INA219 via I2C on pins 20/21 SDA/SCL, outputs PWM on pin 9 to XL4015 EN); battery CC/CV logic; LVD load switching (pin 8→Q1.Gate); temp monitoring (pin 2, 1-Wire DS18B20); OLED update loop (I2C on pins 20/21 to SSD1306 address 0x3C). Powered from LM2596 +5V rail via VIN pin. Required libraries: Wire.h, Adafruit_INA219, Adafruit_SSD1306, OneWire, DallasTemperature. | I12: 200 | J12: =IF(I12="","",I12*F12) | K12: No
A13: 6 | B13: BMS1 | C13: Modules | D13: XR-121 3S 20A Li-ion BMS Module | E13: 3S, 20A cont., 4.2V/cell OVP | F13: 1 | G13: PCB module (≈35×7mm typical) | H13: Cell-level protection for 3-cell series 18650 pack. Connections: B+ (pack positive), B− (pack negative), C1 (tap cell1/2 junction), C2 (tap cell2/3 junction). Output: P+ and P− — ALL system power flows through here. Protects against: overcharge (4.25V/cell cutoff), overdischarge (2.5V/cell), overcurrent (20A), short circuit. Performs passive cell balancing. Do NOT bypass P+/P−. | I13: 70 | J13: =IF(I13="","",I13*F13) | K13: Yes
A14: 7 | B14: SSD1 | C14: Modules | D14: OLED Display Module 0.96″ | E14: SSD1306, 128×64px, I2C | F14: 1 | G14: Module with 4-pin header | H14: Real-time monitoring display. I2C address 0x3C (default — verify on module PCB). VCC = 3.3–5V from +5V_MCU rail. Shares I2C bus with INA219 (address 0x40). Displays: V_PV, I_PV, P_PV, V_BAT, Temp°C, System Mode label (CHARGING / FULL / LOAD OFF / FAULT). Do NOT add extra I2C pull-up resistors here — R1 & R2 (B2 block) already pull up the bus. | I14: 200 | J14: =IF(I14="","",I14*F14) | K14: No
A15: 8 | B15: BT1–BT3 | C15: Battery / Storage | D15: 18650 Li-ion Cells (×3) | E15: 3.7V nominal, ≥2000mAh, flat-top | F15: 3 | G15: 18650 cylindrical | H15: Three cells in series (3S) = 11.1V nominal, 12.6V fully charged. Use flat-top (unprotected) cells — the BMS module provides protection. Recommended brands: Samsung 25R, LG HG2, Molicel P26A, or equivalent quality cells. Do NOT use cheap no-brand cells — capacity and safety not guaranteed. Weld or use holder — never solder directly to cell terminals. | I15: 70 | J15: =IF(I15="","",I15*F15) | K15: Yes
A16: 9 | B16: BH1 | C16: Battery / Storage | D16: 3S 18650 Battery Holder | E16: 3-cell series, spring contacts | F16: 1 | G16: 3×18650 plastic holder | H16: Holds three 18650 cells in series configuration (3S). Must have solder tabs or wire leads for B+, B−, and cell tap points (C1, C2) for BMS balancing. If holder has no tap wires, add tap point leads manually between cells. Secure holder to chassis/PCB with M3 screws or adhesive. | I16: 30 | J16: =IF(I16="","",I16*F16) | K16: Yes
A17: 10 | B17: L1 | C17: Inductors | D17: Power Inductor — XL4015 Charger | E17: 68µH, ≥5A DC rated, low DCR | F17: 1 | G17: CDRH127 or similar (SMD) / Radial | H17: Sits on XL4015 SW (switching) node — CRITICAL layout node. Trace from SW pin → L1 → output must be as short and wide as possible. Low DCR (DC resistance) essential for efficiency — aim <0.15Ω. Example parts: Bourns SRR1260-680M, TDK SLF12565T-680M4R7-PF, or equivalent 68µH/5A. | I17: 15 | J17: =IF(I17="","",I17*F17) | K17: No
A18: 11 | B18: L2 | C18: Inductors | D18: Power Inductor — LM2596 5V Supply | E18: 68µH, ≥3A DC rated | F18: 1 | G18: CDRH127 or radial through-hole | H18: Sits on LM2596 OUT (switching) node. Same layout rules as L1. 3A rating matches LM2596 maximum output current. Example parts: Bourns SRR1260-680M (same part as L1), or any 68µH/3A power inductor. | I18: 15 | J18: =IF(I18="","",I18*F18) | K18: No
A19: 12 | B19: D1 | C19: Diodes | D19: Schottky Diode — Reverse Polarity Protection | E19: 1N5822, 40V, 3A | F19: 1 | G19: DO-201AD (axial) | H19: Reverse polarity protection on +V_PV rail after fuse F1. Anode: from fuse F1 OUT. Cathode: to +V_PV rail. Schottky chosen for low Vf (~0.32V) to minimize power dissipation. Alternative: SB340, SS34 (SMD). Do NOT use 1N4001–1N4007 (1V Vf = too much loss). | I19: 15 | J19: =IF(I19="","",I19*F19) | K19: No
A20: 13 | B20: D2 | C20: Diodes | D20: Schottky Diode — XL4015 Freewheeling (Catch) | E20: SS54, 40V, 5A | F20: 1 | G20: DO-214AB (SMA) or SB540 | H20: Catch diode on XL4015 SW node. Cathode → SW pin; Anode → GND (PGND). MUST be Schottky — a 1N4007 would fail at 180kHz switching frequency due to slow reverse recovery. 5A rating matches XL4015 maximum switch current. Place as close to XL4015 SW and GND pins as physically possible to minimize loop area. | I20: 15 | J20: =IF(I20="","",I20*F20) | K20: No
A21: 14 | B21: D3 | C21: Diodes | D21: Schottky Diode — LM2596 Freewheeling | E21: 1N5822, 40V, 3A | F21: 1 | G21: DO-201AD (axial) or SB340 | H21: Freewheeling/catch diode on LM2596 OUT (switching) node. Same principle as D2. Cathode → LM2596 OUT pin; Anode → GND. Can use same part number as D1 (1N5822) for BOM consolidation. | I21: 15 | J21: =IF(I21="","",I21*F21) | K21: No
A22: 15 | B22: D4 | C22: Diodes | D22: Rectifier Diode — MOSFET Flyback | E22: 1N4007, 1000V, 1A | F22: 1 | G22: DO-41 (axial) | H22: Flyback/freewheeling diode across Q1 (IRLZ44N) drain-source. Cathode → Q1 Drain (V_BATT side); Anode → Q1 Source (GND side). Protects MOSFET from inductive kick when 12V DC fan motor is switched OFF. 1N4007 acceptable here — switching is slow (LVD events), so reverse recovery not critical. | I22: 40 | J22: =IF(I22="","",I22*F22) | K22: No
A23: 16 | B23: TVS1 | C23: Diodes | D23: TVS Diode — PV Surge Clamp | E23: P6KE24A, 24V clamp, 600W peak | F23: 1 | G23: DO-204AC (axial) | H23: Transient voltage suppressor across +V_PV bus. Cathode → +V_PV rail; Anode → GND. Clamps voltage spikes from long PV panel wiring inductance to 24V. Protects XL4015 VIN pin and INA219 IN+ from transient overvoltage. Bidirectional TVS (e.g. 1.5KE24CA) also acceptable. | I23: 20 | J23: =IF(I23="","",I23*F23) | K23: No
... A45: 38 | B45: MISC | C45: Misc | D45: Heatsink + Thermal Tape | E45: Small aluminium heatsink, TO-220 size | F45: 1 | G45: Clip-on or adhesive heatsink | H45: Required for Q1 (IRLZ44N) if load current > 2A, and optionally for XL4015 and LM2596 modules. Apply thermal tape between component tab and heatsink for good thermal contact. TO-220 clip-on heatsinks are inexpensive and widely available. | I45: 70 | J45: =IF(I45="","",I45*F45) | K45: No
A46: TOTAL ESTIMATED COST | J46: =SUMIF(J8:J45,"<>""",J8:J45)
A47: ★ Fill in Unit Price (₺) column after purchasing each component — Total Price and Grand Total calculate automatically. ★ Use the 'Procured?' dropdown (Yes / No / Ordered) to track purchase status. ★ Prices shown are per-unit. Qty column adjusts totals automatically.

Sheet Cost Summary
A1: SOLAR BEMS — COST SUMMARY BY CATEGORY
A2: Prices auto-populate from 'Bill of Materials' sheet as you fill them in
A4: Category | B4: # Items | C4: Unit Prices Filled | D4: Subtotal (₺) | E4: Notes
A5: ICs / Active | B5: =COUNTIF('Bill of Materials'!C8:C45,A5) | C5: =SUMPRODUCT(('Bill of Materials'!C8:C45=A5)*('Bill of Materials'!I8:I45<>"")) | D5: =SUMIF('Bill of Materials'!C8:C45,A5,'Bill of Materials'!J8:J45) | E5: U1, U2, U4, Q1, ARD1 — core active devices
A6: Modules | B6: =COUNTIF('Bill of Materials'!C8:C45,A6) | C6: =SUMPRODUCT(('Bill of Materials'!C8:C45=A6)*('Bill of Materials'!I8:I45<>"")) | D6: =SUMIF('Bill of Materials'!C8:C45,A6,'Bill of Materials'!J8:J45) | E6: BMS, OLED, batteries, holder
A7: Inductors | B7: =COUNTIF('Bill of Materials'!C8:C45,A7) | C7: =SUMPRODUCT(('Bill of Materials'!C8:C45=A7)*('Bill of Materials'!I8:I45<>"")) | D7: =SUMIF('Bill of Materials'!C8:C45,A7,'Bill of Materials'!J8:J45) | E7: L1, L2 — power inductors for DC-DC converters
A8: Diodes | B8: =COUNTIF('Bill of Materials'!C8:C45,A8) | C8: =SUMPRODUCT(('Bill of Materials'!C8:C45=A8)*('Bill of Materials'!I8:I45<>"")) | D8: =SUMIF('Bill of Materials'!C8:C45,A8,'Bill of Materials'!J8:J45) | E8: D1–D4, TVS1 — protection and switching diodes
A9: Capacitors | B9: =COUNTIF('Bill of Materials'!C8:C45,A9) | C9: =SUMPRODUCT(('Bill of Materials'!C8:C45=A9)*('Bill of Materials'!I8:I45<>"")) | D9: =SUMIF('Bill of Materials'!C8:C45,A9,'Bill of Materials'!J8:J45) | E9: Electrolytic and ceramic caps (14 total)
A10: Resistors | B10: =COUNTIF('Bill of Materials'!C8:C45,A10) | C10: =SUMPRODUCT(('Bill of Materials'!C8:C45=A10)*('Bill of Materials'!I8:I45<>"")) | D10: =SUMIF('Bill of Materials'!C8:C45,A10,'Bill of Materials'!J8:J45) | E10: 12 values — see BOM notes for full list
A11: Connectors | B11: =COUNTIF('Bill of Materials'!C8:C45,A11) | C11: =SUMPRODUCT(('Bill of Materials'!C8:C45=A11)*('Bill of Materials'!I8:I45<>"")) | D11: =SUMIF('Bill of Materials'!C8:C45,A11,'Bill of Materials'!J8:J45) | E11: J1–J6 — screw terminals and pin headers
A12: Mechanical / Safety | B12: =COUNTIF('Bill of Materials'!C8:C45,A12) | C12: =SUMPRODUCT(('Bill of Materials'!C8:C45=A12)*('Bill of Materials'!I8:I45<>"")) | D12: =SUMIF('Bill of Materials'!C8:C45,A12,'Bill of Materials'!J8:J45) | E12: Fuse, test points, LED, breadboard
A13: Load Device | B13: =COUNTIF('Bill of Materials'!C8:C45,A13) | C13: =SUMPRODUCT(('Bill of Materials'!C8:C45=A13)*('Bill of Materials'!I8:I45<>"")) | D13: =SUMIF('Bill of Materials'!C8:C45,A13,'Bill of Materials'!J8:J45) | E13: 12V DC fan load
A14: PV Panel | B14: =COUNTIF('Bill of Materials'!C8:C45,A14) | C14: =SUMPRODUCT(('Bill of Materials'!C8:C45=A14)*('Bill of Materials'!I8:I45<>"")) | D14: =SUMIF('Bill of Materials'!C8:C45,A14,'Bill of Materials'!J8:J45) | E14: 25Wp monocrystalline panel
A15: Misc | B15: =COUNTIF('Bill of Materials'!C8:C45,A15) | C15: =SUMPRODUCT(('Bill of Materials'!C8:C45=A15)*('Bill of Materials'!I8:I45<>"")) | D15: =SUMIF('Bill of Materials'!C8:C45,A15,'Bill of Materials'!J8:J45) | E15: Jumpers, wire, heatsinks
A16: GRAND TOTAL | D16: =SUM(D5:D15) | E16: Updates automatically as you fill in prices
A18: PROCUREMENT PROGRESS
A19: Metric | B19: Count | C19: Formula / Note
A20: Total line items | B20: =COUNTA('Bill of Materials'!B8:B45) | C20: Total rows in BOM
A21: Marked 'Yes' | B21: =COUNTIF('Bill of Materials'!K8:K45,"Yes") | C21: Physically received
A22: Marked 'Ordered' | B22: =COUNTIF('Bill of Materials'!K8:K45,"Ordered") | C22: Ordered, awaiting delivery
A23: Marked 'No' | B23: =COUNTIF('Bill of Materials'!K8:K45,"No") | C23: Not yet ordered
A24: % Procured | B24: =IFERROR(COUNTIF('Bill of Materials'!K8:K45,"Yes")/COUNTA('Bill of Materials'!K8:K45),0) | C24: Complete procurement %

Sheet How to Use
A1: HOW TO USE THIS BOM
A3: FILLING IN PRICES
A4: 1. Go to the 'Bill of Materials' sheet.
A5: 2. When you buy a component, click its Unit Price cell (column I — highlighted yellow).
A6: 3. Type the price you paid (numbers only — the ₺ sign is added automatically).
A7: 4. The Total Price (column J) calculates automatically using Qty × Unit Price.
A8: 5. The Grand Total at the bottom and the Cost Summary sheet both update instantly.
A10: TRACKING PROCUREMENT
A11: 1. In the 'Procured?' column (column K), click the cell for any component.
A12: 2. A dropdown will appear — choose: Yes (received), Ordered (awaiting), or No (not bought yet).
A13: 3. The Cost Summary sheet tracks how many items are in each status.
A15: IMPORTANT NOTES ON COMPONENTS
... A27: • Reference the BOM in your report as: 'Table X — Final Bill of Materials, Solar BEMS Implementation Phase'
